{"1": 0.521027371984847, "2": 0.7235699397452334, "3": 0.701485149784291, "4": 0.6903612154595395, "5": 0.6849532867999787, "6": 0.6867363832098372, "7": 0.6891635930284541, "8": 0.6903858853147385, "9": 0.6904112668747597, "10": 0.6902014244110026, "11": 0.6896674139702573, "12": 0.6889464462057073, "13": 0.688309564362181, "14": 0.6880750964296625, "15": 0.6875939894229808, "16": 0.6868735094019707, "17": 0.6861442222240123, "18": 0.679375620408261, "19": 0.6853479404398736, "20": 0.6843853199735601, "21": 0.6838384824864407, "22": 0.6831797252310083, "23": 0.6826580368457956, "24": 0.6817712102798705, "25": 0.68127280245436, "26": 0.6803755799506573, "27": 0.6793848534847827, "28": 0.6782236765039727, "29": 0.673854746146405, "30": 0.6762169088454957, "31": 0.6753213745482425, "32": 0.6738978583761986, "33": 0.6731953273428247, "34": 0.6720030501801917, "35": 0.6655597839583742, "36": 0.6694033474364179, "37": 0.6679037687626291, "38": 0.6663186060621383, "39": 0.6646229681816507, "40": 0.6629497302339432, "41": 0.6621626266773711, "42": 0.6553045172640618, "43": 0.6586964165910761, "44": 0.6572531832025407, "45": 0.6550471454224688, "46": 0.6533356778165127, "47": 0.6523794251553556, "48": 0.6502596029575834, "49": 0.6486188542335591, "50": 0.6458400400395089}