{"1": 0.4116306062867033, "2": 0.8716846874419679, "3": 0.8449494384704752, "4": 0.837695997319323, "5": 0.8412241466501926, "6": 0.8364590038644507, "7": 0.8309098743377847, "8": 0.8263681021142513, "9": 0.8244533234454215, "10": 0.8224373274661125, "11": 0.8229207117506798, "12": 0.8233759502147107, "13": 0.8228952149127392, "14": 0.8226327244271623, "15": 0.8230042559035281, "16": 0.8233683350238394, "17": 0.8248308366917549, "18": 0.8573542072417888, "19": 0.8214008866472448, "20": 0.8261701107025147, "21": 0.8282788629227497, "22": 0.830522809383717, "23": 0.8312403942676301, "24": 0.8344590544700623, "25": 0.8355755828796549, "26": 0.8372325057679034, "27": 0.8394952969348177, "28": 0.8437190974012334, "29": 0.8669479357435348, "30": 0.8532412668491932, "31": 0.8489187699683169, "32": 0.8532151909584694, "33": 0.8577419014687234, "34": 0.8599257291631496, "35": 0.9003359898607781, "36": 0.8643231549161545, "37": 0.8712520054046143, "38": 0.8762521776747196, "39": 0.8815100398469479, "40": 0.8853019278100196, "41": 0.8900884582641276, "42": 0.9288312810532591, "43": 0.897999825883419, "44": 0.9027973834504472, "45": 0.9098767557042711, "46": 0.9133803872351951, "47": 0.9203107389997929, "48": 0.9250672036028923, "49": 0.9292642555338271, "50": 0.9425056406792174}